Order ID,State,Postal Code,Category,Quantity,Sales
CA-2019-111150,Missouri,65203,Office Supplies,7,$29.7
,,,Technology,7,$47.5
CA-2019-127383,Texas,79907,Office Supplies,2,$49.6
CA-2019-133592,Rhode Island,02908,Furniture,8,$947.8
,,,Office Supplies,7,$210.6
,,,Technology,4,"$1,687.8"
CA-2019-150245,New York,13601,Furniture,7,"$1,573.5"
CA-2019-157644,New York,10035,Office Supplies,3,$18.9
,,,Technology,3,$34.8
US-2019-133949,Nevada,89502,Technology,7,$475.9
US-2019-143231,Massachusetts,02038,Furniture,5,$63.2
,,,Technology,3,$114.0
CA-2019-104738,Texas,78041,Office Supplies,6,$15.3
,,,Technology,7,$594.3
CA-2019-130960,Michigan,48180,Office Supplies,3,$9.8
CA-2019-131800,New York,10035,Office Supplies,10,$158.4
CA-2019-138072,Pennsylvania,19120,Technology,2,$28.0
CA-2019-166730,Tennessee,38109,Office Supplies,1,$39.1
US-2019-115189,Pennsylvania,19143,Furniture,3,$523.8
,,,Technology,6,$252.0
US-2019-169789,Arizona,85023,Office Supplies,5,$552.0
CA-2019-102330,California,94513,Office Supplies,6,$88.8
,,,Technology,4,$320.0
CA-2019-106803,Minnesota,55016,Office Supplies,2,$24.6
,,,Technology,4,$119.8
CA-2019-110786,California,94110,Furniture,11,$95.5
,,,Office Supplies,16,$310.2
,,,Technology,9,$959.9
CA-2019-118276,Illinois,60174,Furniture,3,$8.7
CA-2019-126802,Illinois,60610,Furniture,3,$39.0
CA-2019-152345,New Mexico,87105,Office Supplies,1,$33.3
,,,Technology,3,$24.0
CA-2019-165477,Ohio,44240,Office Supplies,5,$48.4
CA-2019-141313,Massachusetts,01915,Office Supplies,15,"$2,583.2"
CA-2019-143371,California,92804,Office Supplies,14,"$1,050.0"
CA-2019-164259,Pennsylvania,19143,Office Supplies,4,$99.1
CA-2019-120243,California,90004,Office Supplies,4,$11.6
CA-2019-148383,Arizona,85023,Office Supplies,6,$946.8
CA-2019-153087,Alabama,35601,Office Supplies,4,$23.9
,,,Technology,5,$498.0
CA-2019-162866,Illinois,60076,Furniture,6,$33.0
,,,Office Supplies,4,$30.0
CA-2019-163447,New York,10011,Furniture,14,$767.2
CA-2019-165393,Texas,76106,Office Supplies,1,$5.0
CA-2019-166961,California,92553,Office Supplies,10,$107.3
US-2019-106334,California,94122,Furniture,3,$230.3
,,,Office Supplies,3,$12.8
US-2019-159611,Ohio,44105,Furniture,3,$182.4
,,,Office Supplies,2,$118.2
CA-2019-101427,Pennsylvania,19140,Office Supplies,3,$8.0
CA-2019-106264,California,92024,Furniture,2,$3.5
,,,Office Supplies,3,$11.9
CA-2019-111451,Colorado,80906,Furniture,14,$749.1
,,,Office Supplies,8,$106.2
CA-2019-139598,Pennsylvania,19134,Office Supplies,11,$361.6
CA-2019-168473,New York,10009,Office Supplies,6,$191.9
US-2019-111171,Illinois,60610,Office Supplies,5,$8.7
US-2019-152030,Texas,77041,Furniture,3,$600.6
CA-2019-113166,Florida,33180,Office Supplies,2,$9.6
CA-2019-132913,California,92037,Office Supplies,1,$14.0
CA-2019-156314,Ohio,44105,Furniture,5,$30.4
US-2019-138247,California,90045,Furniture,1,$24.0
,,,Office Supplies,3,$382.3
,,,Technology,13,"$1,054.9"
US-2019-167738,California,90045,Furniture,6,$292.3
,,,Office Supplies,1,$142.9
CA-2019-114517,New York,10024,Furniture,2,$53.3
,,,Office Supplies,3,$56.5
CA-2019-126333,Texas,77642,Office Supplies,1,$5.2
CA-2019-142314,Indiana,47374,Office Supplies,11,$207.2
CA-2019-154158,Florida,33614,Furniture,1,$64.8
,,,Office Supplies,11,$555.1
CA-2019-101364,New York,10011,Office Supplies,13,$296.7
CA-2019-133543,California,95123,Office Supplies,4,$11.8
CA-2019-142510,Illinois,60623,Office Supplies,11,$274.1
CA-2019-146864,New York,10024,Office Supplies,4,$216.4
CA-2019-109127,Delaware,19711,Office Supplies,6,$17.3
CA-2019-134621,Tennessee,38401,Office Supplies,2,$18.2
CA-2019-154893,California,92024,Furniture,9,"$1,897.9"
CA-2019-103100,Indiana,46203,Office Supplies,4,"$1,107.7"
CA-2019-120852,Texas,75051,Office Supplies,2,$19.4
,,,Technology,5,$65.4
CA-2019-134551,Tennessee,38401,Furniture,3,$662.9
,,,Office Supplies,12,$69.4
CA-2019-136567,Virginia,22801,Furniture,9,"$2,699.6"
,,,Office Supplies,5,$184.8
CA-2019-138681,Arizona,85705,Furniture,5,$294.3
,,,Office Supplies,7,$230.4
,,,Technology,3,$72.0
CA-2019-140816,Colorado,80229,Technology,7,$447.9
CA-2019-156594,California,90008,Office Supplies,10,$694.5
CA-2019-160157,Ohio,45011,Furniture,3,$190.8
CA-2019-163412,New York,10035,Furniture,3,$192.2
US-2019-109036,Washington,98103,Office Supplies,3,$31.1
CA-2019-120768,Alabama,35630,Furniture,14,"$1,819.9"
,,,Office Supplies,7,$160.0
CA-2019-162992,California,90008,Office Supplies,7,$37.2
,,,Technology,9,$795.0
CA-2019-169446,Illinois,60623,Office Supplies,6,$48.1
,,,Technology,3,$324.0
US-2019-150574,Florida,32216,Office Supplies,2,$4.8
,,,Technology,5,$247.8
CA-2019-123925,Georgia,31907,Office Supplies,3,$40.1
CA-2019-139633,Ohio,43229,Office Supplies,4,$5.5
CA-2019-100706,Virginia,22153,Furniture,6,$29.5
,,,Technology,2,$100.0
CA-2019-108273,Texas,77340,Furniture,2,$56.6
,,,Office Supplies,7,$36.3
CA-2019-112718,Florida,32216,Office Supplies,1,$1.2
CA-2019-113257,Texas,77705,Furniture,7,$8.6
,,,Technology,4,$320.0
CA-2019-124247,California,95823,Furniture,5,"$1,403.9"
CA-2019-136399,California,90049,Furniture,4,$286.0
,,,Technology,9,"$1,022.2"
CA-2019-151379,Michigan,48227,Office Supplies,5,$114.2
CA-2019-153913,Florida,33012,Furniture,9,"$1,013.8"
,,,Office Supplies,2,$2.0
CA-2019-101602,Texas,79907,Furniture,5,$763.3
,,,Technology,3,$40.7
CA-2019-116673,California,92037,Furniture,2,$6.2
CA-2019-119466,Illinois,60623,Furniture,2,$8.5
CA-2019-129938,Pennsylvania,19140,Furniture,7,$445.8
CA-2019-116568,Florida,32725,Furniture,4,$186.3
CA-2019-130575,Illinois,60623,Office Supplies,3,$9.3
CA-2019-145541,New York,10024,Technology,4,"$7,000.0"
CA-2019-148950,Illinois,60610,Office Supplies,6,$8.0
,,,Technology,3,$35.0
US-2019-123519,Ohio,43302,Furniture,1,$136.5
,,,Office Supplies,1,$2.6
,,,Technology,1,$264.0
CA-2019-113579,California,90049,Office Supplies,6,$90.2
CA-2019-124079,Arizona,85023,Furniture,3,$88.0
,,,Office Supplies,2,$5.2
CA-2019-129819,Kentucky,42420,Office Supplies,3,$12.4
CA-2019-154186,Texas,77070,Office Supplies,1,$2.9
US-2019-102631,Illinois,60623,Furniture,3,$94.4
CA-2019-107573,Florida,33178,Office Supplies,3,$23.5
CA-2019-113320,California,94601,Furniture,6,$21.8
,,,Office Supplies,3,$8.9
CA-2019-141607,California,94521,Furniture,1,$43.3
CA-2019-168494,California,93727,Furniture,21,"$4,630.5"
US-2019-122959,Texas,78207,Office Supplies,2,$210.4
CA-2019-148488,New York,10009,Office Supplies,9,$117.7
US-2019-112991,Idaho,83605,Furniture,3,$338.4
,,,Office Supplies,8,$117.3
CA-2019-101175,Arizona,85204,Office Supplies,6,$100.7
CA-2019-104976,California,94122,Office Supplies,6,$34.7
CA-2019-109932,Texas,78521,Office Supplies,5,$247.8
CA-2019-138128,Pennsylvania,19134,Office Supplies,3,$30.7
,,,Technology,4,"$1,080.0"
CA-2019-169649,Illinois,60653,Office Supplies,4,$28.8
CA-2019-104773,Texas,77041,Office Supplies,2,$60.4
CA-2019-129364,Oregon,97301,Office Supplies,26,$109.2
,,,Technology,13,$156.6
CA-2019-135608,Washington,98502,Furniture,5,$603.9
,,,Office Supplies,2,$45.7
CA-2019-144071,California,94110,Furniture,5,$119.3
CA-2019-101392,Washington,98103,Office Supplies,7,$269.4
CA-2019-138737,California,90049,Office Supplies,3,$8.6
CA-2019-154592,California,94109,Office Supplies,3,$164.9
CA-2019-159681,Virginia,23464,Office Supplies,4,$105.5
CA-2019-106726,California,90008,Office Supplies,7,"$1,261.3"
CA-2019-110030,Texas,77095,Furniture,3,$24.0
CA-2019-155390,Tennessee,38109,Office Supplies,2,$42.2
US-2019-112872,Oregon,97477,Furniture,1,$275.5
,,,Office Supplies,3,$53.4
US-2019-140452,Illinois,60610,Furniture,8,$225.7
,,,Office Supplies,8,$53.8
,,,Technology,4,$35.0
CA-2019-106376,Arizona,85234,Office Supplies,8,"$1,113.0"
,,,Technology,4,$168.0
CA-2019-125542,Pennsylvania,19134,Office Supplies,11,$521.2
CA-2019-133830,California,90045,Office Supplies,16,$90.6
CA-2019-138296,Virginia,22304,Office Supplies,2,$24.6
CA-2019-150203,California,90032,Office Supplies,6,$250.3
CA-2019-151162,Ohio,43229,Office Supplies,10,$145.8
,,,Technology,3,$216.7
CA-2019-166191,Illinois,62521,Office Supplies,2,$24.8
,,,Technology,7,$408.7
CA-2019-127187,New York,10024,Technology,2,$130.0
CA-2019-122749,Oklahoma,73120,Technology,4,$480.0
CA-2019-164861,Missouri,63116,Office Supplies,4,$25.9
CA-2019-101147,Illinois,60623,Office Supplies,1,$2.4
CA-2019-103807,Georgia,30328,Office Supplies,3,$15.2
,,,Technology,1,$6.0
CA-2019-112158,New York,10035,Furniture,5,$883.9
,,,Office Supplies,8,$46.7
,,,Technology,4,$120.0
CA-2019-132864,Ohio,43229,Technology,5,$119.8
CA-2019-154095,Maryland,20735,Furniture,11,$300.6
,,,Office Supplies,9,$162.5
US-2019-117744,Texas,78415,Furniture,10,$98.3
,,,Office Supplies,7,$16.5
CA-2019-120474,Wisconsin,53711,Furniture,8,"$2,807.8"
,,,Office Supplies,4,$46.6
CA-2019-131051,California,94122,Furniture,3,$58.2
CA-2019-131527,North Carolina,28540,Technology,4,$96.0
CA-2019-143210,Massachusetts,01852,Furniture,5,$55.7
,,,Technology,2,$271.9
CA-2019-150798,Ohio,43229,Furniture,8,$917.8
,,,Office Supplies,7,$36.3
,,,Technology,2,$660.0
US-2019-161613,Texas,77070,Furniture,3,$674.1
CA-2019-103590,New York,10550,Office Supplies,4,$62.3
CA-2019-146843,Arizona,85323,Office Supplies,7,$48.0
,,,Technology,4,$102.2
CA-2019-148425,Florida,32839,Office Supplies,9,$6.6
CA-2019-136280,Pennsylvania,19143,Office Supplies,2,$5.0
CA-2019-153983,California,94122,Office Supplies,5,$30.4
,,,Technology,2,$575.9
US-2019-111353,New York,10009,Office Supplies,2,$25.1
US-2019-134712,Illinois,60076,Office Supplies,2,$12.6
CA-2019-101560,South Carolina,29203,Furniture,5,$397.6
,,,Office Supplies,14,$144.7
CA-2019-105249,California,94122,Furniture,4,$411.3
,,,Office Supplies,6,$48.8
CA-2019-121167,New York,11520,Office Supplies,2,$17.2
CA-2019-121629,Texas,77041,Technology,5,$998.9
CA-2019-159800,California,94109,Office Supplies,3,$43.7
,,,Technology,7,$139.9
CA-2019-163013,Alabama,36116,Office Supplies,3,$14.7
US-2019-120175,Indiana,47374,Office Supplies,6,$64.0
CA-2019-119032,New York,10035,Office Supplies,2,$3.8
CA-2019-167486,New York,14215,Furniture,5,$199.9
CA-2019-124730,New York,13501,Office Supplies,20,$134.7
,,,Technology,4,$280.0
CA-2019-141110,California,93727,Office Supplies,9,$67.1
CA-2019-168984,Oregon,97224,Office Supplies,8,$684.6
,,,Technology,4,$438.3
US-2019-147606,Texas,77070,Furniture,5,$19.3
US-2019-147648,California,94109,Office Supplies,2,$82.0
CA-2019-119151,New York,10009,Furniture,3,$276.0
,,,Office Supplies,4,"$1,117.9"
CA-2019-122588,Rhode Island,02895,Furniture,2,$53.0
CA-2019-127446,Texas,76017,Furniture,8,"$1,224.8"
,,,Office Supplies,6,$24.1
,,,Technology,3,$24.7
CA-2019-164721,California,94513,Furniture,3,$23.9
,,,Office Supplies,10,$347.6
US-2019-107993,Oregon,97477,Office Supplies,7,$51.0
US-2019-144078,California,90004,Furniture,4,$725.3
,,,Office Supplies,3,$7.4
,,,Technology,5,$539.9
CA-2019-100762,Michigan,49201,Office Supplies,11,$508.6
CA-2019-102295,California,95823,Furniture,1,$120.7
CA-2019-105984,Ohio,43229,Furniture,3,$611.1
,,,Technology,5,"$1,050.0"
CA-2019-111360,Ohio,44312,Office Supplies,3,$5.7
CA-2019-115973,Ohio,45231,Office Supplies,1,$2.6
CA-2019-122217,Virginia,23464,Furniture,5,$111.2
CA-2019-127131,Washington,98103,Office Supplies,19,$721.5
CA-2019-153850,Ohio,43615,Furniture,7,$35.2
,,,Technology,4,"$1,502.4"
CA-2019-158540,California,92037,Furniture,4,$151.7
CA-2019-163034,Illinois,60610,Office Supplies,5,$646.2
CA-2019-167360,Missouri,63116,Technology,7,$111.8
CA-2019-110352,Texas,77036,Office Supplies,2,$23.7
CA-2019-120544,Texas,75150,Furniture,2,$6.4
,,,Office Supplies,3,$34.2
,,,Technology,7,$5.5
CA-2019-139283,Michigan,48227,Office Supplies,3,$14.7
CA-2019-149055,Pennsylvania,19134,Office Supplies,3,$62.8
CA-2019-159625,Arizona,85254,Office Supplies,3,$23.5
US-2019-143721,Texas,77095,Furniture,2,$155.4
US-2019-157385,California,90004,Furniture,7,$985.4
,,,Office Supplies,3,$21.8
,,,Technology,1,$30.0
CA-2019-105340,Texas,77506,Office Supplies,1,$6.9
CA-2019-125682,Georgia,30318,Office Supplies,2,$10.0
CA-2019-129091,Georgia,31907,Office Supplies,13,"$1,022.6"
CA-2019-135090,California,90036,Office Supplies,9,$53.8
US-2019-112200,Illinois,60440,Office Supplies,5,$10.0
CA-2019-102274,Kentucky,40475,Office Supplies,12,$828.5
,,,Technology,1,$37.0
CA-2019-103401,California,94110,Office Supplies,2,$13.0
CA-2019-154781,California,94110,Office Supplies,2,$6.6
,,,Technology,1,$95.0
US-2019-168501,Texas,75220,Office Supplies,1,$1.6
,,,Technology,5,$268.0
CA-2019-140396,New York,10024,Office Supplies,10,$73.6
,,,Technology,6,$833.9
CA-2019-100972,Utah,84106,Office Supplies,3,$166.4
CA-2019-128062,Pennsylvania,19134,Office Supplies,1,$5.9
CA-2019-144624,New York,14701,Technology,7,"$4,548.8"
CA-2019-150518,Minnesota,55433,Office Supplies,4,$221.2
,,,Technology,3,$282.0
CA-2019-158274,Louisiana,71203,Technology,11,$682.9
US-2019-123183,Delaware,19805,Furniture,6,"$1,025.9"
,,,Office Supplies,15,$245.5
US-2019-149034,Pennsylvania,19120,Technology,1,$47.5
CA-2019-104829,Utah,84604,Office Supplies,7,$22.0
CA-2019-115336,Illinois,60623,Office Supplies,5,$14.5
CA-2019-124702,Washington,98105,Furniture,6,$867.7
CA-2019-133809,Ohio,45014,Office Supplies,8,$11.8
,,,Technology,2,$9.6
CA-2019-141173,Minnesota,55407,Office Supplies,5,$67.2
CA-2019-161032,Wisconsin,53132,Furniture,3,$392.9
CA-2019-163468,Illinois,60016,Furniture,12,$724.8
,,,Office Supplies,8,$384.6
CA-2019-164210,Colorado,80027,Furniture,2,$146.0
,,,Office Supplies,4,$35.8
US-2019-159926,Pennsylvania,19140,Furniture,3,$60.3
,,,Office Supplies,5,$129.7
,,,Technology,6,$540.0
CA-2019-101833,New York,10024,Office Supplies,3,$34.4
CA-2019-119375,Delaware,19711,Furniture,3,$124.4
,,,Office Supplies,12,"$2,992.1"
CA-2019-128209,New York,14215,Furniture,10,"$4,007.8"
,,,Office Supplies,3,"$2,152.8"
CA-2019-130869,Texas,75104,Office Supplies,3,$7.1
CA-2019-140662,California,94109,Office Supplies,10,$975.4
,,,Technology,2,$100.0
CA-2019-145926,Minnesota,56560,Furniture,5,$479.9
CA-2019-159835,Pennsylvania,19143,Furniture,5,$657.9
,,,Office Supplies,2,$12.4
CA-2019-119144,California,90008,Furniture,3,$306.0
,,,Office Supplies,3,$344.9
,,,Technology,4,$80.0
CA-2019-149643,Kansas,66502,Technology,2,$274.0
CA-2019-160066,California,92646,Office Supplies,2,$5.2
US-2019-139500,Illinois,62521,Furniture,2,$37.3
US-2019-147704,Indiana,47401,Office Supplies,20,$308.6
CA-2019-116407,Tennessee,37604,Office Supplies,9,$362.2
CA-2019-127558,California,90008,Furniture,3,$10.1
,,,Office Supplies,2,$20.5
,,,Technology,3,$772.5
CA-2019-128622,California,94110,Office Supplies,3,$11.0
CA-2019-128888,Texas,77095,Office Supplies,9,$604.7
CA-2019-125556,Connecticut,06824,Office Supplies,10,$43.8
,,,Technology,7,$832.9
CA-2019-151554,Texas,77506,Office Supplies,4,$20.7
CA-2019-161634,Virginia,23320,Office Supplies,5,$32.4
CA-2019-162362,Michigan,48640,Office Supplies,7,$24.2
CA-2019-166989,New York,10011,Furniture,2,$69.3
,,,Office Supplies,2,$11.4
CA-2019-122609,Texas,75007,Furniture,3,$25.1
,,,Technology,2,$128.0
CA-2019-151078,Texas,78207,Office Supplies,4,$49.6
CA-2019-151295,California,90045,Furniture,3,$629.1
,,,Office Supplies,2,$12.0
CA-2019-164910,North Carolina,28806,Office Supplies,3,$7.9
US-2019-159618,Texas,77036,Furniture,1,$68.0
,,,Office Supplies,14,$55.6
,,,Technology,3,$79.5
CA-2019-105270,California,90008,Furniture,1,$112.6
,,,Office Supplies,3,$30.5
CA-2019-105893,Wisconsin,53711,Office Supplies,6,$665.9
CA-2019-128524,Washington,98115,Office Supplies,3,"$2,056.6"
,,,Technology,7,$102.1
CA-2019-140732,California,90004,Office Supplies,6,$131.7
,,,Technology,9,$575.9
CA-2019-155796,Pennsylvania,19601,Furniture,6,$545.9
CA-2019-163419,Colorado,80027,Furniture,5,$603.9
,,,Office Supplies,1,$3.4
,,,Technology,2,$560.0
CA-2019-165309,Texas,77095,Office Supplies,22,"$1,249.8"
,,,Technology,5,$389.7
US-2019-140914,Illinois,60653,Furniture,6,$808.9
US-2019-143287,New York,10801,Office Supplies,11,$277.6
CA-2019-121006,Michigan,48640,Furniture,3,$563.9
,,,Office Supplies,14,$630.9
CA-2019-158372,California,92037,Furniture,7,$93.1
,,,Office Supplies,16,$102.1
,,,Technology,9,$612.5
CA-2019-103219,New York,10035,Furniture,9,$56.5
CA-2019-144666,California,94110,Furniture,2,$222.7
,,,Office Supplies,21,$590.9
,,,Technology,4,$704.0
US-2019-126340,California,96003,Technology,3,$333.6
CA-2019-120278,Wisconsin,54401,Office Supplies,14,$317.5
CA-2019-123323,California,94110,Office Supplies,7,$123.1
CA-2019-123498,Texas,77041,Office Supplies,6,$100.4
CA-2019-146990,New York,10024,Office Supplies,7,$36.1
CA-2019-159310,Texas,77070,Furniture,4,$683.1
,,,Office Supplies,10,$42.2
US-2019-139640,Oregon,97206,Office Supplies,9,$146.7
CA-2019-120950,Georgia,31907,Office Supplies,6,$43.7
CA-2019-109134,California,90008,Furniture,6,$20.0
CA-2019-114251,Pennsylvania,19143,Furniture,2,$273.6
,,,Office Supplies,8,"$1,093.3"
,,,Technology,7,$110.0
CA-2019-133634,Virginia,22204,Technology,3,$47.8
US-2019-114377,Virginia,23666,Furniture,5,$149.9
CA-2019-121286,North Carolina,27511,Office Supplies,8,$66.6
CA-2019-125829,California,90045,Furniture,4,$573.7
,,,Office Supplies,6,$41.4
,,,Technology,11,"$1,114.3"
CA-2019-132227,New York,10011,Office Supplies,4,$52.1
CA-2019-149244,California,92037,Furniture,2,$35.3
CA-2019-164973,New York,10024,Furniture,1,$135.9
,,,Office Supplies,1,$43.6
,,,Technology,12,"$4,627.9"
US-2019-134187,California,90805,Office Supplies,1,$2.9
CA-2019-119529,New Jersey,07050,Office Supplies,2,$5.8
CA-2019-121573,New York,10009,Office Supplies,4,$56.8
,,,Technology,4,$784.0
CA-2019-137589,Pennsylvania,17602,Office Supplies,3,$286.3
CA-2019-146731,Tennessee,37211,Office Supplies,11,$147.3
CA-2019-153619,California,90049,Office Supplies,4,$6.7
CA-2019-155593,Connecticut,06824,Office Supplies,3,$11.6
CA-2019-165764,North Carolina,28540,Furniture,9,"$1,355.4"
,,,Office Supplies,9,$40.3
US-2019-124625,Nebraska,68104,Technology,3,$90.0
CA-2019-107454,New York,10024,Furniture,6,$89.3
,,,Office Supplies,7,$34.9
CA-2019-115889,California,94122,Office Supplies,2,$362.9
,,,Technology,2,$46.4
CA-2019-120670,Florida,33311,Technology,10,$799.9
CA-2019-129147,Ohio,44256,Office Supplies,3,$19.2
,,,Technology,13,$590.2
CA-2019-134726,Washington,98115,Technology,3,$94.7
CA-2019-148782,Texas,75061,Technology,3,$88.8
CA-2019-102673,North Carolina,28205,Office Supplies,20,$65.6
,,,Technology,9,$978.8
CA-2019-114195,Ohio,45040,Furniture,2,$68.7
,,,Office Supplies,5,$25.6
CA-2019-126907,Illinois,60610,Office Supplies,3,$15.7
CA-2019-134313,Colorado,80219,Office Supplies,3,$43.2
,,,Technology,4,"$1,984.0"
CA-2019-139423,New Jersey,07050,Office Supplies,2,$76.1
CA-2019-148915,Oregon,97206,Office Supplies,5,$443.9
,,,Technology,3,$156.0
CA-2019-152562,Kentucky,40475,Office Supplies,5,$75.2
CA-2019-168305,California,90049,Office Supplies,8,$65.8
US-2019-137155,New York,11561,Furniture,6,$31.7
,,,Office Supplies,6,$701.9
CA-2019-106439,California,90049,Furniture,3,$146.4
,,,Office Supplies,33,$609.7
,,,Technology,9,$251.9
CA-2019-108609,Ohio,44052,Furniture,8,"$1,421.7"
CA-2019-145387,Rhode Island,02920,Furniture,11,"$2,023.0"
,,,Office Supplies,9,$93.5
US-2019-120313,California,94110,Technology,2,$73.6
US-2019-167262,Arizona,85323,Technology,8,$742.3
CA-2019-154627,Illinois,60610,Technology,6,"$2,736.0"
CA-2019-166590,Indiana,47201,Office Supplies,2,$75.9
,,,Technology,2,$2.0
CA-2019-101931,California,90049,Furniture,6,$617.0
,,,Office Supplies,11,$635.6
CA-2019-107769,Kansas,67846,Technology,2,$258.0
CA-2019-148285,North Carolina,28314,Office Supplies,5,$22.3
CA-2019-162278,Washington,98105,Furniture,4,$63.9
,,,Technology,5,$384.0
CA-2019-139542,Pennsylvania,19120,Office Supplies,3,$13.7
,,,Technology,3,$40.8
US-2019-158400,California,94109,Office Supplies,4,$49.4
CA-2019-108707,Florida,33311,Office Supplies,2,$10.4
CA-2019-113047,South Carolina,29730,Office Supplies,3,$11.9
CA-2019-130729,California,91730,Office Supplies,3,$34.3
CA-2019-110072,Ohio,43055,Furniture,4,$93.9
CA-2019-151967,Louisiana,71111,Furniture,4,$129.9
CA-2019-100916,Virginia,23602,Furniture,4,$591.3
,,,Office Supplies,6,$197.5
CA-2019-142587,Ohio,45014,Furniture,3,$409.6
,,,Office Supplies,4,$121.8
CA-2019-169852,California,92024,Office Supplies,3,$36.4
CA-2019-137092,Illinois,60653,Office Supplies,6,$542.2
,,,Technology,4,$320.0
CA-2019-146703,Michigan,48185,Office Supplies,4,$212.0
CA-2019-169684,Tennessee,37918,Furniture,3,$328.6
,,,Office Supplies,3,$98.4
CA-2019-100867,California,90712,Technology,6,$321.6
CA-2019-117317,California,90032,Office Supplies,3,$13.4
CA-2019-155264,California,94110,Office Supplies,15,$188.5
,,,Technology,3,$117.6
CA-2019-110408,Alabama,36116,Furniture,6,$545.9
,,,Office Supplies,3,$276.0
,,,Technology,5,"$1,395.0"
CA-2019-115084,Arkansas,71854,Furniture,6,$605.3
CA-2019-138450,Pennsylvania,19134,Office Supplies,16,$249.5
CA-2019-143168,Washington,98103,Office Supplies,3,$63.3
CA-2019-103086,Texas,77095,Furniture,2,$5.3
CA-2019-124394,Texas,77705,Office Supplies,5,$10.8
,,,Technology,3,$120.0
US-2019-109456,California,94110,Office Supplies,3,$14.4
,,,Technology,3,$180.0
CA-2019-143182,Florida,33012,Furniture,1,$15.4
US-2019-122021,Ohio,44134,Furniture,2,$183.4
,,,Office Supplies,2,$8.0
CA-2019-151330,Massachusetts,02149,Furniture,9,"$1,628.8"
,,,Office Supplies,7,$79.5
,,,Technology,3,$177.0
CA-2019-163748,Texas,76106,Office Supplies,4,$3.2
,,,Technology,5,"$2,000.0"
US-2019-146353,New Hampshire,03301,Office Supplies,9,$292.8
US-2019-151015,Illinois,60653,Office Supplies,20,$344.3
CA-2019-123316,New York,10550,Office Supplies,3,$7.8
CA-2019-132010,Virginia,23223,Office Supplies,12,$366.8
,,,Technology,2,$23.0
CA-2019-151995,Washington,98026,Furniture,5,"$1,298.6"
,,,Office Supplies,8,$225.4
,,,Technology,2,$25.8
CA-2019-164742,New Jersey,08701,Furniture,2,$246.0
,,,Office Supplies,1,$18.9
CA-2019-139451,California,94122,Office Supplies,6,$36.3
US-2019-154655,Illinois,60623,Office Supplies,2,$22.2
CA-2019-114314,Arkansas,72701,Furniture,4,$8.9
,,,Office Supplies,1,$7.3
CA-2019-116834,Washington,98115,Furniture,11,$63.5
,,,Technology,5,$345.0
CA-2019-128538,California,90278,Office Supplies,1,$7.6
CA-2019-157924,California,91104,Furniture,2,$433.6
,,,Office Supplies,4,$31.9
US-2019-126571,Pennsylvania,19120,Office Supplies,5,$483.3
CA-2019-103492,Texas,77340,Office Supplies,6,$12.9
,,,Technology,13,"$1,475.9"
CA-2019-140403,California,95336,Furniture,3,$122.4
,,,Office Supplies,2,$15.3
CA-2019-150329,Arizona,85023,Furniture,7,$46.9
US-2019-105137,Ohio,43229,Office Supplies,2,$18.3
,,,Technology,2,$102.0
US-2019-134054,New Mexico,87105,Office Supplies,7,$255.9
CA-2019-137911,North Carolina,28540,Office Supplies,2,$88.8
CA-2019-138240,California,94122,Office Supplies,3,$144.6
,,,Technology,1,$16.0
CA-2019-119977,New York,10011,Office Supplies,4,$123.9
CA-2019-142951,North Carolina,28205,Technology,3,$23.5
CA-2019-117429,Pennsylvania,19140,Furniture,5,$129.9
CA-2019-132801,Texas,75217,Office Supplies,10,$107.4
CA-2019-109680,Indiana,46203,Office Supplies,2,$386.3
CA-2019-110611,Pennsylvania,19120,Office Supplies,5,$83.9
CA-2019-132542,Nebraska,68104,Office Supplies,2,$15.4
CA-2019-134677,California,92024,Technology,3,$9.1
CA-2019-152233,California,91767,Technology,2,$100.0
CA-2019-152422,Ohio,43229,Office Supplies,5,$91.9
CA-2019-102085,Washington,98115,Office Supplies,4,$29.2
CA-2019-153479,California,94591,Office Supplies,7,$110.1
CA-2019-166891,New York,10024,Furniture,5,$589.4
CA-2019-108903,Ohio,43229,Office Supplies,7,$70.5
,,,Technology,3,$142.5
CA-2019-120775,Texas,75217,Furniture,3,$31.8
,,,Office Supplies,12,$26.1
CA-2019-153976,Illinois,60201,Furniture,3,$258.3
CA-2019-157882,California,90036,Furniture,4,$265.8
US-2019-155817,North Carolina,27707,Office Supplies,5,$67.8
CA-2019-108189,Arizona,85281,Office Supplies,12,$42.2
,,,Technology,6,$555.9
US-2019-132745,Nevada,89502,Office Supplies,1,$4.7
CA-2019-102008,New York,10011,Office Supplies,1,$48.9
CA-2019-137351,Washington,98105,Office Supplies,7,$43.2
CA-2019-140886,Tennessee,37042,Office Supplies,6,$69.2
CA-2019-141649,Ohio,45014,Office Supplies,6,$795.4
CA-2019-159478,New York,10035,Furniture,3,$15.2
US-2019-167633,Florida,33437,Office Supplies,3,$15.6
CA-2019-111962,Washington,98115,Office Supplies,7,$817.8
CA-2019-122931,Pennsylvania,19134,Furniture,3,$476.4
,,,Office Supplies,24,"$1,882.2"
CA-2019-124856,New York,10011,Furniture,4,$117.4
,,,Office Supplies,14,"$1,492.0"
CA-2019-126683,Washington,98115,Furniture,11,"$2,355.0"
CA-2019-146969,California,90045,Furniture,2,$204.6
,,,Office Supplies,6,$77.4
,,,Technology,2,$686.3
CA-2019-107153,Massachusetts,01841,Office Supplies,3,$46.3
CA-2019-114335,Florida,33021,Furniture,4,$337.1
CA-2019-125136,North Carolina,28314,Office Supplies,10,$106.9
CA-2019-120887,New Jersey,07601,Furniture,3,$87.5
US-2019-133130,California,92037,Furniture,5,$603.9
,,,Office Supplies,2,$82.0
CA-2019-115049,Illinois,60623,Technology,11,$153.8
CA-2019-115133,Ohio,43130,Office Supplies,10,$49.6
,,,Technology,2,$3.2
CA-2019-127586,Washington,98115,Office Supplies,2,$310.1
CA-2019-132451,California,92105,Furniture,3,$585.6
,,,Office Supplies,3,$19.4
CA-2019-144974,Pennsylvania,19140,Furniture,1,$21.2
,,,Office Supplies,11,$47.3
CA-2019-164385,Pennsylvania,19134,Office Supplies,3,$144.0
US-2019-151925,California,90049,Furniture,2,$145.6
US-2019-152723,Texas,75150,Office Supplies,1,$0.9
CA-2019-141355,Colorado,80013,Office Supplies,2,$14.6
US-2019-112914,Texas,77041,Furniture,2,$300.5
,,,Office Supplies,12,$39.8
CA-2019-123344,California,94109,Office Supplies,4,$212.0
CA-2019-113964,New York,10011,Office Supplies,4,$18.5
CA-2019-116904,Minnesota,55407,Office Supplies,17,"$9,900.2"
CA-2019-147900,Ohio,44107,Office Supplies,9,$28.8
CA-2019-148369,Delaware,19711,Office Supplies,4,$11.1
CA-2019-163559,New York,10035,Office Supplies,3,$139.4
CA-2019-163650,Delaware,19901,Office Supplies,6,$44.3
US-2019-134733,California,92037,Furniture,3,$436.0
,,,Technology,2,$84.0
CA-2019-103191,Illinois,60653,Office Supplies,3,$331.5
CA-2019-127488,Florida,33433,Office Supplies,2,$4.6
CA-2019-156160,New York,10035,Furniture,7,$677.0
,,,Office Supplies,5,$17.0
CA-2019-158225,California,95123,Office Supplies,7,$210.1
CA-2019-117478,Pennsylvania,19140,Office Supplies,3,$6.6
CA-2019-124513,New York,10011,Office Supplies,3,$66.0
CA-2019-125514,Nebraska,68104,Office Supplies,6,$68.7
CA-2019-153969,California,94109,Office Supplies,22,$211.3
,,,Technology,2,$240.0
CA-2019-168823,Pennsylvania,19143,Office Supplies,12,$32.2
US-2019-135972,Washington,98198,Technology,5,"$2,046.4"
US-2019-166310,Texas,75043,Furniture,2,$8.5
CA-2019-120411,Illinois,60653,Furniture,5,$493.4
,,,Technology,2,$11.1
CA-2019-125997,New York,10011,Furniture,4,"$1,433.4"
,,,Office Supplies,7,$106.2
,,,Technology,14,"$1,979.9"
CA-2019-126480,California,92024,Office Supplies,2,$8.6
CA-2019-133704,California,90004,Office Supplies,7,$64.2
CA-2019-151953,Florida,32216,Office Supplies,2,$2.8
CA-2019-156433,California,94110,Office Supplies,6,$31.7
CA-2019-166744,Maryland,21044,Furniture,6,$527.2
,,,Technology,2,$60.0
US-2019-134614,Illinois,61701,Furniture,6,$617.7
CA-2019-127299,North Carolina,28205,Office Supplies,6,$67.3
,,,Technology,3,"$2,625.0"
CA-2019-132787,Washington,98115,Office Supplies,6,$92.5
CA-2019-138177,Arizona,85224,Furniture,1,$73.9
CA-2019-156601,California,90805,Office Supplies,2,$7.2
CA-2019-159849,California,94110,Office Supplies,3,$5.7
CA-2019-168130,New York,10011,Furniture,7,$887.1
US-2019-106992,Texas,77036,Technology,10,"$5,579.9"
CA-2019-103940,Washington,98103,Furniture,2,$35.3
,,,Office Supplies,10,$225.5
CA-2019-112851,California,91911,Office Supplies,3,$182.9
CA-2019-131947,Oregon,97477,Office Supplies,16,$232.4
,,,Technology,15,$85.8
US-2019-117170,North Carolina,27604,Office Supplies,1,$4.6
,,,Technology,2,$48.0
US-2019-158638,Pennsylvania,19120,Office Supplies,4,$5.9
CA-2019-141152,New York,10024,Office Supplies,1,$33.6
CA-2019-138100,New York,10011,Furniture,2,$14.6
,,,Office Supplies,3,$14.9
CA-2019-149594,Pennsylvania,19120,Furniture,4,$103.9
CA-2019-113362,New York,14609,Office Supplies,8,$460.2
CA-2019-145576,Florida,33614,Furniture,3,$13.1
,,,Office Supplies,5,$13.0
CA-2019-159184,Georgia,31204,Furniture,5,$142.4
,,,Office Supplies,2,$7.2
CA-2019-160766,New York,10009,Furniture,9,$464.3
,,,Office Supplies,18,$714.6
,,,Technology,8,"$3,104.9"
US-2019-100853,Illinois,60623,Office Supplies,6,$72.6
US-2019-127635,Texas,78415,Furniture,5,$10.0
,,,Office Supplies,8,$21.4
CA-2019-113859,Texas,79762,Furniture,6,$340.1
CA-2019-126277,Ohio,43229,Office Supplies,3,$2.5
CA-2019-132962,Pennsylvania,19143,Office Supplies,3,$15.6
,,,Technology,5,$252.0
CA-2019-140039,Arizona,85281,Office Supplies,5,$79.4
CA-2019-142769,Washington,98103,Furniture,3,$14.2
,,,Office Supplies,10,$84.6
,,,Technology,8,$462.9
CA-2019-145212,New York,10011,Office Supplies,3,$5.5
US-2019-156216,North Carolina,28205,Office Supplies,7,$18.6
CA-2019-101476,New York,10801,Technology,1,$70.0
CA-2019-103702,Ohio,45014,Office Supplies,7,$63.9
CA-2019-116246,New York,10035,Furniture,6,"$3,785.3"
CA-2019-138527,North Carolina,27511,Office Supplies,7,$177.2
,,,Technology,1,$15.2
US-2019-119081,Kansas,66062,Furniture,2,$40.6
,,,Office Supplies,5,$689.9
,,,Technology,5,$57.4
US-2019-150924,Texas,77070,Office Supplies,5,$5.2
CA-2019-112837,California,93030,Furniture,3,$128.0
CA-2019-113383,New Jersey,07011,Furniture,5,$254.9
,,,Office Supplies,4,$81.9
CA-2019-125731,Oregon,97030,Furniture,5,"$1,487.0"
,,,Office Supplies,7,$21.7
US-2019-138835,Virginia,23464,Office Supplies,2,$9.6
CA-2019-102869,Pennsylvania,19140,Furniture,3,$17.5
,,,Office Supplies,3,$15.6
,,,Technology,7,$200.2
CA-2019-103527,Illinois,60653,Office Supplies,3,$10.9
CA-2019-126403,Massachusetts,01852,Furniture,6,$785.9
,,,Office Supplies,10,"$1,518.5"
CA-2019-144407,Michigan,48227,Office Supplies,7,$103.6
US-2019-115196,North Carolina,27834,Technology,2,"$1,300.0"
US-2019-131870,Ohio,43130,Furniture,6,$60.7
,,,Office Supplies,9,$30.8
CA-2019-107818,Washington,99301,Furniture,5,$975.9
,,,Office Supplies,16,$795.6
CA-2019-123127,New York,11561,Office Supplies,2,$16.8
CA-2019-128839,Virginia,23320,Office Supplies,9,$45.0
,,,Technology,3,$210.0
CA-2019-132500,California,94110,Technology,2,$50.0
CA-2019-139892,Texas,78207,Furniture,9,"$1,740.1"
,,,Office Supplies,17,$495.9
,,,Technology,11,"$8,303.9"
CA-2019-140032,California,94109,Office Supplies,2,$8.6
CA-2019-146283,Texas,77036,Furniture,5,$966.7
,,,Office Supplies,8,$200.0
CA-2019-146815,New York,10009,Furniture,2,$172.8
,,,Office Supplies,2,$3.5
CA-2019-163293,Georgia,31204,Technology,7,$116.9
CA-2019-168592,California,94110,Office Supplies,8,$75.6
US-2019-115987,Texas,75701,Office Supplies,4,$51.2
CA-2019-100006,New York,10024,Technology,3,$378.0
CA-2019-105165,Texas,77036,Furniture,1,$200.8
,,,Office Supplies,5,$24.8
,,,Technology,7,$243.5
CA-2019-109918,California,95051,Office Supplies,11,$131.8
CA-2019-117765,Oklahoma,74133,Furniture,7,$591.9
,,,Office Supplies,4,$51.9
CA-2019-122882,Pennsylvania,19134,Furniture,2,$42.4
,,,Office Supplies,1,$64.8
,,,Technology,7,$431.9
CA-2019-126193,Illinois,60543,Office Supplies,13,$322.0
CA-2019-131002,Oklahoma,74133,Furniture,9,$879.6
,,,Office Supplies,5,$55.8
,,,Technology,3,$104.9
CA-2019-130449,California,94109,Furniture,6,$41.9
,,,Office Supplies,8,$58.5
CA-2019-106572,Ohio,43402,Office Supplies,2,$264.3
CA-2019-136861,Florida,33710,Furniture,2,$32.0
CA-2019-125171,New York,10009,Office Supplies,5,$14.4
US-2019-120236,Texas,77095,Office Supplies,5,$7.7
CA-2019-106971,Illinois,60089,Technology,7,$475.9
CA-2019-127936,New York,10009,Office Supplies,3,$21.2
CA-2019-151792,Illinois,60653,Technology,3,$240.0
CA-2019-152268,Arkansas,72701,Office Supplies,2,"$1,794.0"
CA-2019-157721,New York,13601,Furniture,1,$70.7
,,,Office Supplies,1,$19.9
CA-2019-158281,Texas,77095,Technology,3,$559.7
US-2019-138828,New York,10009,Office Supplies,8,$72.7
CA-2019-109855,New York,10009,Office Supplies,2,$23.7
,,,Technology,3,$357.0
CA-2019-126522,California,92025,Office Supplies,3,$53.9
CA-2019-165428,Texas,77036,Office Supplies,9,$34.8
CA-2019-143385,New Mexico,87505,Technology,9,$92.5
CA-2019-146500,Connecticut,06010,Office Supplies,8,$121.2
CA-2019-135699,California,94110,Office Supplies,4,$123.3
CA-2019-169775,Florida,33178,Furniture,3,$174.1
,,,Office Supplies,6,$535.0
CA-2019-101266,Virginia,22153,Office Supplies,2,$13.4
CA-2019-124688,Virginia,22153,Furniture,7,"$1,232.1"
,,,Technology,5,$580.0
CA-2019-143336,California,94109,Office Supplies,6,$31.3
,,,Technology,3,$213.5
CA-2019-103331,Delaware,19711,Furniture,4,$10.7
,,,Office Supplies,4,$20.7
CA-2019-123260,California,90032,Technology,8,$176.8
US-2019-115413,Delaware,19711,Office Supplies,3,$8.6
,,,Technology,3,$150.0
CA-2019-103660,Washington,98103,Technology,7,"$1,007.9"
CA-2019-104178,California,90036,Furniture,1,$6.3
,,,Office Supplies,8,$74.8
,,,Technology,5,$95.1
CA-2019-107398,Ohio,43229,Office Supplies,15,$30.2
CA-2019-115259,Ohio,43229,Office Supplies,25,$199.3
CA-2019-126200,Texas,77070,Office Supplies,6,$38.1
CA-2019-106719,Montana,59102,Office Supplies,2,$8.3
CA-2019-107916,New York,11572,Furniture,2,$13.3
,,,Office Supplies,3,$12.7
CA-2019-120432,Kentucky,42301,Office Supplies,3,$25.5
CA-2019-110639,New York,10009,Office Supplies,8,$71.8
CA-2019-124737,Colorado,80219,Furniture,3,$4.2
,,,Office Supplies,19,$276.5
,,,Technology,9,$143.6
CA-2019-154837,California,90032,Office Supplies,2,$49.6
US-2019-112795,Michigan,49505,Office Supplies,3,$19.4
CA-2019-123253,Ohio,44107,Office Supplies,1,$3.9
CA-2019-130918,Florida,33161,Office Supplies,3,$7.6
US-2019-166828,Missouri,63301,Office Supplies,2,$11.6
CA-2019-114321,Virginia,23666,Furniture,13,$500.2
,,,Office Supplies,3,$917.1
CA-2019-166716,Illinois,60610,Furniture,2,$421.4
CA-2019-121727,Ohio,43229,Office Supplies,2,$10.7
CA-2019-133158,California,90045,Furniture,7,$289.2
,,,Office Supplies,2,$69.5
US-2019-143581,Georgia,31907,Office Supplies,3,$344.9
US-2019-156559,Arkansas,72401,Furniture,9,$638.8
US-2019-164616,Ohio,43229,Office Supplies,6,$86.0
CA-2019-111500,Arkansas,72209,Office Supplies,16,$144.8
,,,Technology,4,$340.0
CA-2019-129168,Texas,77095,Office Supplies,3,$15.6
CA-2019-142839,Pennsylvania,19143,Furniture,6,$853.1
CA-2019-109043,Florida,33021,Office Supplies,10,$243.6
CA-2019-138023,Texas,75081,Office Supplies,8,$31.0
CA-2019-141005,Connecticut,06824,Office Supplies,3,$62.9
US-2019-164406,California,94122,Furniture,4,$195.1
,,,Office Supplies,13,$310.1
CA-2019-109302,New Jersey,08701,Office Supplies,7,$196.2
CA-2019-109897,California,94122,Furniture,3,$85.4
,,,Technology,8,$806.3
CA-2019-153927,Georgia,30188,Office Supplies,3,$14.0
,,,Technology,13,$272.6
CA-2019-156244,Florida,33180,Office Supplies,20,$298.8
,,,Technology,7,$158.9
CA-2019-127012,Washington,98105,Furniture,1,$12.4
,,,Office Supplies,3,$63.9
CA-2019-154641,New York,10035,Office Supplies,1,$375.3
CA-2019-110527,California,92037,Office Supplies,8,$20.9
CA-2019-141901,California,93727,Office Supplies,1,$6.0
CA-2019-161249,Arizona,85023,Office Supplies,8,$13.8
CA-2019-166471,Washington,98103,Technology,6,"$1,310.3"
CA-2019-167850,Florida,33710,Office Supplies,3,$15.6
,,,Technology,2,$178.4
CA-2019-169726,Washington,98103,Office Supplies,7,"$2,060.7"
CA-2019-124478,Michigan,48183,Furniture,6,$53.9
,,,Office Supplies,6,$205.9
,,,Technology,3,$850.0
CA-2019-131450,California,92024,Furniture,8,$327.8
,,,Office Supplies,2,$76.1
,,,Technology,8,"$1,645.9"
CA-2019-151708,Arizona,85301,Furniture,4,$121.4
,,,Technology,3,$96.0
CA-2019-154669,California,95687,Office Supplies,11,$423.3
CA-2019-156790,Florida,32216,Furniture,4,$155.5
CA-2019-115357,South Carolina,29203,Technology,3,$62.9
CA-2019-137575,New York,10035,Technology,2,$200.0
CA-2019-110065,New York,10009,Office Supplies,7,$16.0
,,,Technology,1,$136.0
CA-2019-118962,California,90004,Furniture,7,$340.1
,,,Office Supplies,5,$131.9
CA-2019-124723,Texas,77590,Furniture,2,$489.2
CA-2019-150490,California,94122,Office Supplies,4,$61.8
,,,Technology,1,$16.4
US-2019-117968,Connecticut,06450,Furniture,5,"$1,133.4"
,,,Office Supplies,5,$84.0
CA-2019-126361,Utah,84062,Office Supplies,22,"$1,726.1"
,,,Technology,5,$400.0
CA-2019-134215,Maine,04401,Office Supplies,15,$361.7
,,,Technology,9,$255.4
CA-2019-125612,New York,10035,Office Supplies,14,$163.6
CA-2019-128986,Arizona,85301,Office Supplies,3,$93.0
CA-2019-133690,Colorado,80219,Furniture,2,$218.8
,,,Office Supplies,1,$2.6
US-2019-106299,Missouri,65807,Office Supplies,7,$865.1
,,,Technology,2,$21.2
CA-2019-117345,North Carolina,28205,Furniture,4,$44.1
,,,Office Supplies,6,$158.8
CA-2019-152296,California,94122,Office Supplies,3,$19.8
CA-2019-162684,Pennsylvania,19120,Office Supplies,2,$5.7
CA-2019-111192,Washington,98103,Furniture,8,"$1,367.8"
CA-2019-131541,Florida,32712,Furniture,6,$129.9
,,,Office Supplies,12,$63.3
CA-2019-124709,California,94122,Technology,2,$238.0
CA-2019-169642,California,90036,Office Supplies,2,$276.3
US-2019-150126,New York,10035,Office Supplies,11,$65.8
CA-2019-116190,Georgia,30318,Furniture,5,$93.6
,,,Office Supplies,13,$162.9
CA-2019-126760,Nevada,89031,Furniture,12,$808.4
,,,Technology,5,"$1,083.0"
CA-2019-159121,Utah,84020,Technology,7,$111.9
CA-2019-169019,Texas,78207,Furniture,3,$17.5
,,,Office Supplies,19,"$2,208.1"
,,,Technology,9,$431.1
US-2019-155894,Illinois,60623,Office Supplies,3,$123.6
CA-2019-143917,California,94122,Furniture,8,$77.9
,,,Office Supplies,9,"$8,241.4"
CA-2019-146528,California,90045,Office Supplies,5,$22.0
CA-2019-103058,New York,10011,Technology,2,$100.0
CA-2019-145254,California,94122,Office Supplies,5,$40.7
,,,Technology,12,$952.1
US-2019-119137,Arizona,85705,Office Supplies,6,$17.4
,,,Technology,18,"$1,503.0"
CA-2019-117464,California,94122,Furniture,6,$888.1
,,,Office Supplies,14,$248.0
CA-2019-122679,California,90008,Office Supplies,6,$19.7
CA-2019-127691,New York,10024,Office Supplies,2,$6.0
,,,Technology,2,$160.0
US-2019-164644,Texas,77095,Office Supplies,1,$26.6
CA-2019-109890,Nebraska,68104,Technology,2,$36.0
CA-2019-116932,California,94122,Furniture,3,"$1,074.4"
,,,Office Supplies,5,$99.2
CA-2019-129189,Texas,75217,Furniture,5,$657.9
,,,Office Supplies,9,$94.0
CA-2019-127866,California,92503,Office Supplies,9,$560.5
,,,Technology,2,$41.9
CA-2019-141726,California,92105,Furniture,3,$43.0
,,,Office Supplies,7,$133.5
CA-2019-142965,Ohio,45503,Office Supplies,4,$53.3
CA-2019-143903,Texas,75217,Furniture,7,$998.1
,,,Office Supplies,3,$342.9
CA-2019-157546,California,94122,Office Supplies,9,$112.5
CA-2019-168158,Montana,59405,Office Supplies,2,$6.1
US-2019-150434,Connecticut,06010,Furniture,1,$70.6
,,,Office Supplies,3,$24.7
,,,Technology,2,$360.0
CA-2019-123295,Arizona,85705,Furniture,4,$259.1
CA-2019-138198,New York,10801,Office Supplies,2,$13.9
CA-2019-115980,South Dakota,57103,Office Supplies,3,$6.5
,,,Technology,3,$3.0
CA-2019-109904,New York,10009,Office Supplies,3,$17.9
CA-2019-124464,Delaware,19711,Office Supplies,1,$39.5
CA-2019-164182,Pennsylvania,19140,Furniture,2,$32.0
,,,Office Supplies,2,$41.6
,,,Technology,3,$37.5
US-2019-103905,Illinois,60505,Office Supplies,7,$29.9
,,,Technology,4,$38.3
US-2019-150532,Arizona,85023,Office Supplies,5,$55.9
US-2019-165862,California,90049,Furniture,3,$351.2
CA-2019-110184,California,90036,Office Supplies,9,$249.8
,,,Technology,8,$255.9
CA-2019-124807,Illinois,60610,Office Supplies,9,$35.9
,,,Technology,4,$23.8
CA-2019-129924,California,94122,Furniture,3,$698.4
,,,Office Supplies,2,$7.7
CA-2019-131310,Washington,98115,Furniture,4,$123.1
,,,Office Supplies,4,$11.3
CA-2019-161508,Texas,77573,Furniture,3,$512.4
,,,Office Supplies,12,$41.8
CA-2019-123225,Texas,79907,Office Supplies,2,$10.4
,,,Technology,4,$576.0
CA-2019-133305,New York,10011,Office Supplies,9,$67.4
CA-2019-163552,New Jersey,07601,Furniture,12,$979.1
,,,Office Supplies,10,$191.6
,,,Technology,3,$198.0
CA-2019-166555,New York,14304,Technology,3,$164.9
CA-2019-113271,California,94122,Furniture,1,$119.8
,,,Office Supplies,13,$52.3
CA-2019-114125,California,90049,Office Supplies,11,$68.7
CA-2019-165379,Texas,75217,Office Supplies,5,$24.7
CA-2019-100090,California,94122,Furniture,3,$502.5
,,,Office Supplies,6,$196.7
CA-2019-150301,New York,14215,Furniture,1,$63.9
US-2019-138758,Pennsylvania,19120,Furniture,4,$241.2
CA-2019-134278,New York,10011,Technology,1,$560.0
CA-2019-147543,California,92020,Furniture,2,$478.5
CA-2019-103317,Florida,32137,Furniture,5,$232.7
,,,Office Supplies,5,$9.8
CA-2019-107139,California,90004,Office Supplies,6,$181.0
CA-2019-152849,Tennessee,37918,Office Supplies,3,$4.4
CA-2019-157784,Mississippi,39212,Office Supplies,5,$34.1
,,,Technology,3,$480.0
US-2019-160444,Texas,77036,Office Supplies,14,$502.2
CA-2019-120096,Colorado,80013,Office Supplies,6,$210.0
CA-2019-138709,Virginia,23223,Office Supplies,8,$37.4
CA-2019-107594,New Jersey,07060,Office Supplies,1,$5.6
,,,Technology,2,$74.0
CA-2019-153150,Washington,98105,Office Supplies,5,$19.9
CA-2019-160773,Florida,32725,Office Supplies,6,$5.2
,,,Technology,2,$575.9
CA-2019-109218,California,90004,Office Supplies,5,$32.4
CA-2019-116757,Texas,77095,Office Supplies,11,$47.2
CA-2019-123064,Illinois,60653,Office Supplies,4,$5.2
CA-2019-146640,New York,10024,Office Supplies,7,$334.8
CA-2019-152254,North Carolina,28403,Office Supplies,7,$310.7
US-2019-121566,New York,10011,Office Supplies,4,$9.3
CA-2019-111773,New York,10024,Office Supplies,3,$13.9
CA-2019-165974,Ohio,45231,Office Supplies,7,$32.8
CA-2019-140858,Pennsylvania,19140,Furniture,5,"$1,228.5"
,,,Office Supplies,18,$411.2
CA-2019-156993,Michigan,48234,Office Supplies,1,$6.1
CA-2019-104283,Mississippi,38671,Furniture,1,$86.0
,,,Office Supplies,5,$306.2
,,,Technology,4,$224.0
CA-2019-159338,California,90049,Furniture,5,$447.8
CA-2019-164469,Oregon,97301,Office Supplies,12,$81.0
,,,Technology,5,$264.0
CA-2019-159814,Arizona,85705,Furniture,2,$4.3
CA-2019-126032,Pennsylvania,19143,Technology,3,$86.4
US-2019-130358,North Carolina,28027,Office Supplies,10,$23.1
CA-2019-124646,Minnesota,55407,Office Supplies,6,$663.8
CA-2019-133389,Arizona,85023,Office Supplies,3,$8.2
CA-2019-142048,Colorado,80027,Technology,6,$196.8
CA-2019-154963,Pennsylvania,19013,Furniture,8,"$1,024.0"
,,,Technology,3,$82.8
CA-2019-128146,New Jersey,08701,Office Supplies,2,$3.8
,,,Technology,7,"$1,322.9"
CA-2019-130624,New York,10024,Office Supplies,6,$79.4
,,,Technology,3,$618.0
CA-2019-138317,Pennsylvania,19120,Furniture,1,$4.0
,,,Office Supplies,8,$78.3
,,,Technology,7,$303.0
CA-2019-141278,Connecticut,06450,Office Supplies,5,$21.4
CA-2019-141796,New York,11561,Technology,3,"$1,214.9"
US-2019-117135,Virginia,22980,Furniture,1,$104.0
,,,Office Supplies,3,$36.8
,,,Technology,1,$284.8
US-2019-160780,Colorado,81001,Office Supplies,9,$36.3
CA-2019-166863,Texas,75023,Furniture,4,$193.1
,,,Office Supplies,16,$540.1
,,,Technology,4,$620.4
US-2019-112949,Oklahoma,73505,Office Supplies,8,$475.4
CA-2019-123855,California,90036,Technology,5,$139.8
CA-2019-104402,Delaware,19711,Technology,3,$66.0
CA-2019-144414,Washington,98105,Furniture,3,$6.2
,,,Office Supplies,8,"$3,284.3"
CA-2019-156342,Illinois,60653,Office Supplies,2,$62.0
CA-2019-113929,New York,11550,Office Supplies,12,$116.0
CA-2019-136644,Indiana,46544,Furniture,8,$647.8
CA-2019-126963,Texas,79907,Office Supplies,2,$36.5
US-2019-141215,Texas,78207,Furniture,6,$897.9
,,,Office Supplies,3,$8.6
CA-2019-140487,Michigan,48234,Furniture,3,$212.9
CA-2019-114643,California,90032,Office Supplies,3,$14.5
CA-2019-144281,Michigan,48234,Office Supplies,5,$491.6
CA-2019-115812,California,90032,Furniture,16,"$1,755.0"
,,,Office Supplies,12,$140.7
,,,Technology,10,"$1,818.6"
CA-2019-132612,Virginia,22801,Furniture,7,"$1,441.3"
CA-2019-133753,Texas,77340,Office Supplies,2,$70.4
,,,Technology,3,$72.0
CA-2019-133851,California,94122,Office Supplies,4,$30.5
CA-2019-160262,Nevada,89031,Furniture,2,$37.4
,,,Office Supplies,10,$97.2
CA-2019-108147,New York,11561,Office Supplies,8,"$1,745.4"
US-2019-109162,Tennessee,37620,Furniture,3,$170.4
US-2019-141257,Washington,98115,Furniture,3,$585.6
CA-2019-106229,Illinois,60505,Furniture,3,$268.9
US-2019-134971,Illinois,61604,Office Supplies,3,$12.5
CA-2019-133270,New York,14609,Office Supplies,2,$13.4
CA-2019-151897,Texas,77070,Office Supplies,10,$100.2
CA-2019-159520,New York,11561,Furniture,3,$991.8
,,,Office Supplies,11,$166.7
CA-2019-169257,Florida,32216,Office Supplies,3,$63.4
US-2019-161305,Illinois,60623,Office Supplies,5,$38.6
CA-2019-147914,Ohio,43229,Office Supplies,2,$16.2
CA-2019-151946,New York,10035,Furniture,6,$424.5
,,,Office Supplies,4,$15.6
CA-2019-135657,Washington,98115,Furniture,6,$515.9
CA-2019-141299,Michigan,48640,Office Supplies,2,$15.3
CA-2019-163867,Illinois,62521,Furniture,7,$61.5
,,,Office Supplies,7,$148.6
CA-2019-100895,Georgia,30076,Office Supplies,4,$365.5
,,,Technology,3,$240.0
CA-2019-104472,Utah,84057,Furniture,6,$73.3
,,,Office Supplies,3,$59.8
CA-2019-111003,New Jersey,08701,Office Supplies,9,$334.7
CA-2019-131926,Minnesota,55044,Furniture,7,"$2,001.9"
,,,Office Supplies,17,"$1,743.8"
US-2019-157070,Michigan,48234,Office Supplies,9,$204.1
US-2019-165659,Arkansas,72209,Furniture,6,$22.2
,,,Technology,7,$881.9
CA-2019-166051,Mississippi,39212,Technology,6,$773.7
CA-2019-103429,New York,10024,Office Supplies,9,$301.5
,,,Technology,5,$464.0
CA-2019-105872,New York,10024,Office Supplies,4,$70.4
CA-2019-140473,Illinois,60623,Technology,3,$720.0
CA-2019-145800,Illinois,60089,Furniture,3,$355.5
CA-2019-146885,Virginia,23223,Office Supplies,3,$13.6
CA-2019-108861,Washington,98105,Office Supplies,4,$137.0
CA-2019-135993,Washington,98115,Technology,10,$85.0
CA-2019-124429,California,92105,Furniture,10,$567.1
,,,Office Supplies,4,$359.3
CA-2019-139192,California,94109,Technology,13,"$1,213.5"
US-2019-117058,Illinois,60653,Office Supplies,6,$17.5
CA-2019-129574,Utah,84107,Office Supplies,5,$48.4
CA-2019-144029,Illinois,60623,Furniture,2,$359.8
,,,Office Supplies,6,$116.0
CA-2019-156349,California,90008,Furniture,2,$290.7
,,,Technology,4,$285.6
CA-2019-158029,California,90008,Furniture,2,$225.3
CA-2019-100391,New York,10035,Office Supplies,2,$14.6
US-2019-130379,Illinois,60623,Furniture,2,$29.3
,,,Office Supplies,2,$75.6
CA-2019-143413,Maryland,21215,Office Supplies,3,$116.3
CA-2019-138513,Washington,98006,Office Supplies,2,$13.0
US-2019-105767,Pennsylvania,19134,Office Supplies,11,$24.5
,,,Technology,2,$55.2
US-2019-135881,New York,10035,Office Supplies,8,$231.2
CA-2019-143840,Alabama,35601,Technology,3,$180.9
CA-2019-104780,California,92037,Office Supplies,8,$31.8
CA-2019-117639,Virginia,23464,Office Supplies,7,"$2,715.9"
,,,Technology,3,$618.0
CA-2019-127166,Texas,77070,Furniture,2,$107.8
,,,Office Supplies,10,$79.1
CA-2019-152443,Massachusetts,01841,Office Supplies,16,$711.7
CA-2019-130673,Texas,78666,Furniture,3,$10.3
,,,Office Supplies,7,$77.3
,,,Technology,2,$20.8
US-2019-114188,New Hampshire,03820,Furniture,7,$139.9
,,,Office Supplies,13,$71.8
CA-2019-130155,Virginia,23464,Office Supplies,5,$34.2
US-2019-107699,Michigan,48640,Office Supplies,9,$57.4
CA-2019-103373,Ohio,44105,Technology,2,$779.8
CA-2019-133963,Texas,75220,Office Supplies,1,$4.0
CA-2019-164224,Ohio,44312,Furniture,3,$149.2
,,,Office Supplies,4,$15.9
CA-2019-148761,Wisconsin,54703,Office Supplies,3,$91.7
CA-2019-125150,California,90036,Furniture,5,$232.9
US-2019-163146,California,94122,Technology,3,$56.4
CA-2019-106810,Florida,33710,Furniture,2,$310.9
CA-2019-113768,California,90004,Furniture,6,$279.5
,,,Office Supplies,2,$8.0
CA-2019-114433,California,94601,Technology,3,$150.0
CA-2019-140165,Florida,33012,Office Supplies,10,$405.5
CA-2019-167164,Utah,84084,Office Supplies,2,$55.5
CA-2019-127159,Wisconsin,53209,Furniture,7,$34.8
CA-2019-155887,Massachusetts,02038,Furniture,3,$700.1
CA-2019-103849,Texas,76106,Furniture,4,$66.1
,,,Technology,3,$158.9
CA-2019-119172,Illinois,60610,Office Supplies,12,$122.1
CA-2019-127523,New York,13601,Office Supplies,3,$35.9
CA-2019-139017,Texas,77095,Technology,2,$46.9
CA-2019-152100,Texas,77340,Furniture,8,"$1,213.0"
CA-2019-103310,California,95123,Furniture,1,$256.8
,,,Office Supplies,8,$81.0
,,,Technology,5,"$1,432.0"
CA-2019-114181,Pennsylvania,19134,Furniture,7,$350.0
,,,Office Supplies,5,$22.3
CA-2019-159709,Washington,98031,Office Supplies,3,$158.1
,,,Technology,5,$43.6
CA-2019-158771,Kentucky,42420,Office Supplies,18,$158.7
US-2019-102071,California,94110,Technology,7,$235.8
CA-2019-116666,Pennsylvania,19134,Technology,5,"$1,800.0"
CA-2019-166086,Massachusetts,01841,Furniture,6,"$1,066.6"
,,,Office Supplies,6,$24.8
CA-2019-121664,California,90049,Office Supplies,8,$140.7
US-2019-154879,California,90004,Office Supplies,8,$113.7
CA-2019-110219,Texas,78207,Furniture,3,$127.9
CA-2019-111934,Virginia,22204,Office Supplies,3,$47.3
CA-2019-160738,Illinois,61032,Office Supplies,2,$45.2
CA-2019-166457,Kentucky,40475,Office Supplies,7,$40.5
CA-2019-111899,Texas,77036,Office Supplies,8,$43.3
CA-2019-117709,Michigan,49201,Office Supplies,4,$46.8
CA-2019-155271,Connecticut,06457,Furniture,2,$27.5
US-2019-148194,Washington,98105,Furniture,7,$12.2
,,,Office Supplies,4,$57.7
CA-2019-130274,Wisconsin,54915,Office Supplies,7,$21.6
CA-2019-135755,New York,10701,Office Supplies,6,$51.1
CA-2019-115056,Ohio,43229,Office Supplies,3,$26.1
CA-2019-124618,Florida,33801,Technology,2,$480.0
CA-2019-156006,Mississippi,39212,Technology,3,$47.8
CA-2019-160094,Kentucky,40214,Office Supplies,10,"$1,001.0"
CA-2019-107811,Tennessee,38109,Furniture,2,$561.6
,,,Office Supplies,5,$99.9
CA-2019-118304,Delaware,19901,Technology,2,$20.0
CA-2019-134061,New York,14609,Furniture,2,$17.5
CA-2019-142727,Louisiana,70601,Furniture,2,$52.0
,,,Office Supplies,3,$17.9
CA-2019-118976,Maryland,21215,Office Supplies,14,$527.0
CA-2019-131387,California,94122,Technology,5,"$1,680.0"
CA-2019-132983,New York,14701,Technology,2,$160.0
CA-2019-140228,Ohio,43055,Office Supplies,8,$211.6
CA-2019-116785,California,90036,Office Supplies,7,$34.0
CA-2019-147298,California,90049,Furniture,3,$230.3
,,,Office Supplies,6,$18.3
CA-2019-110100,North Carolina,28403,Technology,3,$302.4
CA-2019-166954,California,91776,Furniture,10,"$1,790.3"
,,,Office Supplies,3,$270.7
US-2019-157406,Texas,77095,Office Supplies,5,$16.6
CA-2019-111857,California,94109,Office Supplies,1,$48.9
US-2019-112564,Pennsylvania,19134,Office Supplies,3,$2.5
US-2019-150119,Ohio,43229,Furniture,8,$585.1
,,,Office Supplies,8,$7.5
CA-2019-122070,New York,12180,Office Supplies,11,$257.8
CA-2019-136336,Kentucky,42420,Office Supplies,6,$828.8
CA-2019-158064,California,90008,Office Supplies,5,$16.5
CA-2019-101462,California,90045,Furniture,4,$59.9
CA-2019-134572,Texas,77070,Furniture,7,"$1,145.7"
,,,Office Supplies,5,$44.8
CA-2019-158470,Virginia,22204,Office Supplies,14,$129.3
CA-2019-169460,California,95123,Furniture,3,$76.1
CA-2019-100678,Texas,77095,Furniture,3,$317.1
,,,Office Supplies,5,$152.0
,,,Technology,3,$228.0
CA-2019-110849,California,90049,Office Supplies,11,$35.5
,,,Technology,4,$288.0
CA-2019-155208,North Carolina,28403,Office Supplies,6,$39.1
US-2019-120740,California,90049,Furniture,4,$187.8
,,,Office Supplies,2,$107.0
CA-2019-122336,Pennsylvania,19140,Office Supplies,27,$558.8
,,,Technology,12,$71.9
CA-2019-167724,Maryland,21215,Office Supplies,3,$7.8
CA-2019-142979,California,95240,Office Supplies,2,$39.7
CA-2019-154599,California,90278,Furniture,3,$308.5
,,,Office Supplies,7,$18.1
,,,Technology,18,"$1,513.5"
US-2019-158365,Indiana,47401,Office Supplies,5,$32.4
CA-2019-110555,Montana,59405,Office Supplies,7,$87.1
,,,Technology,8,$323.0
CA-2019-138940,Texas,78745,Technology,6,$758.4
US-2019-102715,Florida,33180,Office Supplies,5,$17.3
,,,Technology,10,$719.9
US-2019-121734,Idaho,83501,Office Supplies,1,$9.6
CA-2019-100363,Arizona,85301,Office Supplies,5,$21.4
CA-2019-121769,Ohio,43615,Furniture,1,$172.1
CA-2019-150581,California,94521,Furniture,1,$99.6
,,,Technology,4,$400.0
US-2019-118997,Alabama,35601,Furniture,8,"$1,215.9"
US-2019-163797,Arizona,85224,Office Supplies,8,$49.8
CA-2019-124023,Alabama,36608,Furniture,2,$9.0
CA-2019-128846,South Carolina,29203,Office Supplies,3,$123.0
,,,Technology,5,$630.0
CA-2019-165806,Georgia,30062,Office Supplies,9,$58.3
,,,Technology,3,$201.0
CA-2019-102652,California,90049,Furniture,9,$125.1
,,,Office Supplies,4,$74.9
CA-2019-136742,Pennsylvania,17602,Office Supplies,6,$44.9
CA-2019-153808,California,90004,Office Supplies,5,$136.5
,,,Technology,3,$300.0
CA-2019-169803,Washington,98115,Furniture,3,$653.6
,,,Technology,2,$33.9
US-2019-118486,Pennsylvania,19143,Furniture,3,$154.8
,,,Office Supplies,1,$10.3
,,,Technology,2,$116.8
CA-2019-102988,Virginia,22304,Office Supplies,21,"$4,222.9"
,,,Technology,1,$29.0
CA-2019-113887,New York,10035,Office Supplies,1,$55.5
CA-2019-149104,Michigan,48127,Office Supplies,16,$770.6
CA-2019-151001,Illinois,62521,Office Supplies,8,$101.7
US-2019-157231,Kentucky,40475,Office Supplies,7,$115.4
CA-2019-105172,California,94109,Office Supplies,6,$18.9
CA-2019-133228,Michigan,48205,Furniture,1,$5.5
,,,Office Supplies,4,$79.4
CA-2019-149538,Louisiana,70506,Office Supplies,10,$265.0
,,,Technology,2,$100.0
US-2019-128685,California,90008,Office Supplies,2,$7.2
CA-2019-112291,California,90008,Office Supplies,2,$11.2
,,,Technology,5,$222.3
CA-2019-160276,Virginia,23464,Furniture,2,$177.7
CA-2019-164315,Georgia,30605,Office Supplies,8,$170.7
,,,Technology,7,"$1,049.9"
US-2019-157847,Texas,77095,Office Supplies,12,$60.2
CA-2019-138359,Massachusetts,02151,Office Supplies,6,$73.2
US-2019-157021,California,94591,Office Supplies,6,$46.7
CA-2019-101770,Florida,33180,Office Supplies,1,$1.9
CA-2019-112403,Pennsylvania,19120,Office Supplies,1,$0.9
CA-2019-128055,California,94122,Office Supplies,4,$726.5
CA-2019-130428,Florida,33614,Furniture,7,"$1,125.5"
,,,Office Supplies,7,$16.7
US-2019-104759,Illinois,60610,Office Supplies,7,$8.1
,,,Technology,2,$80.0
CA-2019-131247,California,94110,Furniture,2,$205.7
CA-2019-133424,Washington,98105,Office Supplies,6,$60.2
CA-2019-162089,Texas,78521,Furniture,7,$127.3
,,,Office Supplies,5,$335.7
,,,Technology,7,$251.9
CA-2019-169033,New York,11561,Office Supplies,5,$49.7
US-2019-105151,New York,10009,Office Supplies,5,$10.5
US-2019-113124,Minnesota,55124,Office Supplies,2,$129.3
CA-2019-137274,Texas,75023,Furniture,3,$890.8
CA-2019-100881,New Mexico,87105,Technology,3,$302.4
US-2019-117380,Ohio,45503,Furniture,1,$330.6
US-2019-137869,Iowa,50315,Furniture,4,"$1,184.7"
,,,Office Supplies,3,$6.1
CA-2019-100860,California,91767,Office Supplies,5,$18.8
CA-2019-138436,California,90036,Technology,3,$66.3
CA-2019-141838,California,94122,Office Supplies,6,$31.3
,,,Technology,2,$28.8
CA-2019-128237,California,94110,Office Supplies,10,$46.9
,,,Technology,4,$45.5
CA-2019-148586,New York,10009,Furniture,7,$366.8
CA-2019-143637,California,93727,Furniture,2,$40.5
CA-2019-147235,New York,10024,Office Supplies,5,$24.9
CA-2019-120838,California,90036,Office Supplies,2,$330.4
,,,Technology,6,$604.8
CA-2019-164749,Florida,33445,Office Supplies,3,$9.9
CA-2019-148040,Arizona,85705,Furniture,3,$314.4
,,,Office Supplies,3,$74.4
US-2019-129609,Indiana,46368,Office Supplies,2,$16.3
US-2019-158057,North Carolina,27405,Office Supplies,9,$59.1
CA-2019-140004,Ohio,45011,Office Supplies,5,$13.5
CA-2019-163223,Virginia,22153,Office Supplies,15,$269.6
,,,Technology,7,"$3,499.9"
US-2019-107405,North Carolina,28806,Office Supplies,1,$16.3
US-2019-155544,Tennessee,37918,Furniture,6,$251.3
,,,Office Supplies,5,$59.2
CA-2019-103989,Florida,33801,Furniture,6,$25.0
,,,Office Supplies,12,$71.5
,,,Technology,5,$494.2
CA-2019-111871,California,94110,Furniture,10,"$1,198.3"
CA-2019-145317,Florida,32216,Furniture,5,$153.1
,,,Office Supplies,10,$48.3
,,,Technology,10,"$23,459.8"
US-2019-131275,California,91505,Furniture,2,$111.0
,,,Office Supplies,7,"$1,856.2"
,,,Technology,4,"$1,280.0"
CA-2019-118339,Minnesota,55044,Office Supplies,31,$249.9
CA-2019-127859,Pennsylvania,19134,Office Supplies,6,$126.6
CA-2019-158442,Texas,75217,Office Supplies,6,$25.2
US-2019-148838,New York,10024,Furniture,14,"$3,265.2"
,,,Office Supplies,11,$189.9
US-2019-164763,Mississippi,39212,Office Supplies,14,$103.5
CA-2019-157609,North Carolina,27604,Technology,2,$471.9
CA-2019-149958,Florida,33614,Furniture,3,$45.7
,,,Office Supplies,11,$325.1
CA-2019-100293,Florida,32216,Office Supplies,6,$91.1
CA-2019-114510,Utah,84321,Office Supplies,9,$197.5
,,,Technology,12,$82.8
CA-2019-152618,Illinois,60653,Office Supplies,2,$8.4
,,,Technology,2,$574.9
CA-2019-157623,California,92646,Office Supplies,3,$13.9
US-2019-125521,Virginia,23320,Furniture,4,"$1,139.9"
CA-2019-114790,Kentucky,40475,Office Supplies,6,$161.7
,,,Technology,5,$620.9
CA-2019-158337,New York,10024,Office Supplies,14,$108.9
CA-2019-166884,Ohio,43229,Furniture,5,$8.3
,,,Office Supplies,6,$10.5
US-2019-103338,California,95661,Office Supplies,3,$8.0
US-2019-100279,Michigan,48073,Office Supplies,2,$22.4
US-2019-140116,Colorado,80219,Office Supplies,7,$719.6
CA-2019-104563,Washington,98103,Furniture,8,$918.3
,,,Office Supplies,10,$225.6
CA-2019-156587,Washington,98103,Furniture,1,$48.7
,,,Office Supplies,6,$260.9
US-2019-131982,Washington,98198,Office Supplies,2,$107.6
CA-2019-169061,New York,10701,Office Supplies,13,$225.6
,,,Technology,3,$480.0
CA-2019-116239,South Carolina,29203,Office Supplies,5,$354.9
CA-2019-117016,Florida,33063,Office Supplies,3,$15.6
CA-2019-105648,California,92037,Furniture,3,$626.4
CA-2019-127964,New York,10035,Office Supplies,8,$151.1
,,,Technology,1,$10.0
CA-2019-130421,Texas,77095,Office Supplies,3,$176.8
CA-2019-155852,North Carolina,28403,Office Supplies,4,$19.5
US-2019-127978,Ohio,43229,Furniture,5,$302.5
,,,Office Supplies,11,$59.8
CA-2019-107524,New York,10009,Office Supplies,7,$47.8
CA-2019-111157,Pennsylvania,19120,Office Supplies,1,$3.4
,,,Technology,3,$151.2
CA-2019-104269,Washington,98115,Furniture,2,$457.6
CA-2019-113880,Illinois,60126,Furniture,6,$634.1
,,,Office Supplies,3,$17.5
CA-2019-131009,Texas,79907,Furniture,12,$425.8
,,,Office Supplies,8,$148.4
CA-2019-168312,Texas,77036,Furniture,3,$376.5
,,,Office Supplies,3,$137.4
US-2019-143707,New York,10035,Technology,3,$5.9
CA-2019-156545,Ohio,43229,Office Supplies,4,$19.5
US-2019-137680,Oregon,97504,Office Supplies,7,$55.7
CA-2019-103744,Texas,79907,Office Supplies,6,$11.4
CA-2019-133354,California,92553,Office Supplies,3,$19.4
CA-2019-165540,Illinois,60098,Office Supplies,5,$8.9
CA-2019-109491,Indiana,47374,Furniture,4,$20.3
,,,Technology,3,$62.3
CA-2019-164903,California,90049,Office Supplies,2,$13.0
CA-2019-152905,Texas,76017,Office Supplies,2,$12.6
US-2019-165589,Texas,79424,Furniture,5,$25.2
CA-2019-154165,Illinois,60653,Office Supplies,14,$54.2
CA-2019-122567,Texas,75220,Office Supplies,5,$9.0
CA-2019-165568,Washington,98105,Office Supplies,5,$21.4
CA-2019-107706,Texas,77095,Office Supplies,3,$16.2
CA-2019-121762,Washington,98103,Office Supplies,4,$320.6
,,,Technology,3,$240.0
US-2019-110674,California,94521,Furniture,2,$129.6
CA-2019-127614,Virginia,23320,Furniture,6,"$1,256.2"
,,,Office Supplies,2,$17.5
,,,Technology,3,$234.5
CA-2019-168368,Missouri,65203,Furniture,4,$393.8
,,,Office Supplies,10,$141.4
CA-2019-125759,Nevada,89031,Furniture,2,$14.6
CA-2019-107755,New Jersey,07036,Technology,7,$115.4
US-2019-169390,New York,10024,Office Supplies,4,$65.0
CA-2019-108182,Illinois,60441,Office Supplies,2,$9.0
CA-2019-131905,Virginia,23320,Office Supplies,4,$15.0
,,,Technology,6,$306.6
CA-2019-104808,California,92025,Office Supplies,2,$17.2
CA-2019-107181,California,92024,Office Supplies,7,$117.1
CA-2019-111059,Washington,98105,Office Supplies,5,$97.1
CA-2019-123400,Florida,33710,Office Supplies,2,$18.3
,,,Technology,5,$181.0
CA-2019-139857,California,92037,Office Supplies,5,$12.4
CA-2019-140795,Wisconsin,54302,Technology,6,$468.9
CA-2019-115161,California,92691,Furniture,2,$290.7
CA-2019-134103,Michigan,48234,Office Supplies,4,$240.5
CA-2019-100328,New York,10024,Office Supplies,1,$3.9
US-2019-117163,California,92037,Furniture,3,$333.0
,,,Office Supplies,5,$93.7
CA-2019-167997,South Dakota,57701,Furniture,2,$142.0
,,,Office Supplies,2,$10.7
US-2019-155502,Virginia,22304,Furniture,6,$75.2
,,,Office Supplies,13,$526.0
,,,Technology,15,$343.3
CA-2019-102645,Nevada,89115,Office Supplies,6,$40.1
CA-2019-146997,Indiana,47905,Office Supplies,3,$5.9
CA-2019-110422,Florida,33180,Furniture,3,$25.2
CA-2019-148614,California,90049,Furniture,2,$19.3
,,,Office Supplies,2,$19.4
CA-2019-167927,Michigan,48185,Furniture,6,$287.7
,,,Office Supplies,20,$420.9
US-2019-147627,Arkansas,72401,Furniture,7,"$1,106.5"
,,,Office Supplies,13,$52.9
,,,Technology,7,$699.9
US-2019-147774,Tennessee,37167,Office Supplies,1,$67.2
CA-2019-146591,Arizona,85254,Furniture,5,$181.5
,,,Office Supplies,19,$197.1
CA-2019-123477,Oregon,97477,Office Supplies,4,$64.9
CA-2019-115791,Pennsylvania,19134,Furniture,6,$127.1
,,,Office Supplies,5,$48.7
,,,Technology,3,$124.2
CA-2019-103366,Georgia,30076,Technology,5,$150.0
CA-2019-149524,Pennsylvania,19140,Furniture,4,$62.0
CA-2019-109232,South Carolina,29464,Furniture,6,$545.9
CA-2019-118192,Ohio,43055,Office Supplies,9,$40.8
CA-2019-157147,California,94109,Furniture,3,$334.0
,,,Office Supplies,10,"$1,345.8"
CA-2019-162775,Louisiana,71111,Office Supplies,14,$640.5
,,,Technology,6,$646.7
CA-2019-130092,Delaware,19901,Furniture,2,$9.9
CA-2019-149020,Virginia,22153,Furniture,1,$51.9
,,,Office Supplies,1,$2.9
CA-2019-135405,Texas,78041,Office Supplies,2,$9.3
,,,Technology,3,$31.2
CA-2019-105417,Texas,77340,Furniture,3,$76.7
,,,Office Supplies,7,$10.4
CA-2019-106054,Georgia,30605,Office Supplies,3,$12.8
CA-2019-130813,California,90049,Office Supplies,3,$19.4
CA-2019-167199,Kentucky,42420,Furniture,9,"$2,573.8"
,,,Office Supplies,9,$653.1
,,,Technology,6,"$1,147.9"
CA-2019-141817,Pennsylvania,19143,Office Supplies,3,$19.5
CA-2019-112326,Illinois,60540,Office Supplies,8,$288.1
CA-2019-103800,Texas,77095,Office Supplies,2,$16.4
